{
  "usuarios": [
    {
      "id": "6f4d5842-cca5-4e29-8082-53aaa09268f7",
      "usuario": "emiliano",
      "password": "bec"
    }
  ],
  "jugadores": [
    {
      "id": "05714326-0039-4124-9c90-2dd18de00a08",
      "usuarioId": "6f4d5842-cca5-4e29-8082-53aaa09268f7",
      "nombreJugador": "emiliano",
      "puntosglobales": 0,
      "estado": "Conectado",
      "puntosPartida": 15,
      "esTurno": false,
      "mesaId": "2dcd97dd-b01a-4bdd-b98d-228eb3cdc064",
      "partidaEnCurso": "f0e508ce-d3df-4a28-8bf3-3f9ec83076c3"
    }
  ],
  "mesas": [
    {
      "id": "2dcd97dd-b01a-4bdd-b98d-228eb3cdc064",
      "numeroDeMesa": 1,
      "partidaId": "f0e508ce-d3df-4a28-8bf3-3f9ec83076c3",
      "estado": "Esperando jugadores",
      "password": null,
      "numeroJugadores": 1,
      "jugadores": []
    },
    {
      "id": "86c54d8b-e181-4fd2-8564-440e148fa3d3",
      "numeroDeMesa": 2,
      "partidaId": null,
      "estado": "vacia",
      "password": null,
      "numeroJugadores": null,
      "jugadores": []
    },
    {
      "id": "b03b37c0-7c36-4b70-bb80-cefdd64fe025",
      "numeroDeMesa": 3,
      "partidaId": null,
      "estado": "vacia",
      "password": null,
      "numeroJugadores": null,
      "jugadores": []
    },
    {
      "id": "7e3f6613-b23c-46e0-a118-7cf5ffa40e89",
      "numeroDeMesa": 4,
      "partidaId": null,
      "estado": "vacia",
      "password": null,
      "numeroJugadores": null,
      "jugadores": []
    },
    {
      "id": "784f3c02-fffc-46d1-8630-5f594ec5cea4",
      "numeroDeMesa": 5,
      "partidaId": null,
      "estado": "vacia",
      "password": null,
      "numeroJugadores": null,
      "jugadores": []
    }
  ],
  "partidas": [
    {
      "id": "f0e508ce-d3df-4a28-8bf3-3f9ec83076c3",
      "mesaId": "2dcd97dd-b01a-4bdd-b98d-228eb3cdc064",
      "fase": "Descarte",
      "rondaActual": 1,
      "cartasJugadas": [],
      "estado": "Esperando jugadores",
      "ganadorRonda": null,
      "jugadores": [
        {
          "id": "05714326-0039-4124-9c90-2dd18de00a08",
          "usuarioId": "6f4d5842-cca5-4e29-8082-53aaa09268f7",
          "nombreJugador": "emiliano",
          "cartas": [
            {
              "valor": 12,
              "palo": "copas",
              "id": "12c"
            },
            {
              "valor": 6,
              "palo": "copas",
              "id": "6c"
            },
            {
              "valor": 1,
              "palo": "copas",
              "id": "1c"
            },
            {
              "valor": 12,
              "palo": "espadas",
              "id": "12e"
            },
            {
              "valor": 8,
              "palo": "bastos",
              "id": "8b"
            }
          ],
          "puntosglobales": 0,
          "estado": "Conectado",
          "puntosPartida": 15,
          "esTurno": false,
          "mesaId": "2dcd97dd-b01a-4bdd-b98d-228eb3cdc064",
          "partidaEnCurso": "f0e508ce-d3df-4a28-8bf3-3f9ec83076c3"
        }
      ],
      "triunfo": null,
      "mazo": [],
      "mazoRestante": [
        {
          "valor": 1,
          "palo": "bastos",
          "id": "1b"
        },
        {
          "valor": 1,
          "palo": "espadas",
          "id": "1e"
        },
        {
          "valor": 1,
          "palo": "oros",
          "id": "1o"
        },
        {
          "valor": 2,
          "palo": "bastos",
          "id": "2b"
        },
        {
          "valor": 2,
          "palo": "espadas",
          "id": "2e"
        },
        {
          "valor": 2,
          "palo": "copas",
          "id": "2c"
        },
        {
          "valor": 2,
          "palo": "oros",
          "id": "2o"
        },
        {
          "valor": 3,
          "palo": "bastos",
          "id": "3b"
        },
        {
          "valor": 3,
          "palo": "espadas",
          "id": "3e"
        },
        {
          "valor": 3,
          "palo": "copas",
          "id": "3c"
        },
        {
          "valor": 3,
          "palo": "oros",
          "id": "3o"
        },
        {
          "valor": 4,
          "palo": "bastos",
          "id": "4b"
        },
        {
          "valor": 4,
          "palo": "espadas",
          "id": "4e"
        },
        {
          "valor": 4,
          "palo": "copas",
          "id": "4c"
        },
        {
          "valor": 4,
          "palo": "oros",
          "id": "4o"
        },
        {
          "valor": 5,
          "palo": "bastos",
          "id": "5b"
        },
        {
          "valor": 5,
          "palo": "espadas",
          "id": "5e"
        },
        {
          "valor": 5,
          "palo": "copas",
          "id": "5c"
        },
        {
          "valor": 5,
          "palo": "oros",
          "id": "5o"
        },
        {
          "valor": 6,
          "palo": "bastos",
          "id": "6b"
        },
        {
          "valor": 6,
          "palo": "espadas",
          "id": "6e"
        },
        {
          "valor": 6,
          "palo": "oros",
          "id": "6o"
        },
        {
          "valor": 7,
          "palo": "bastos",
          "id": "7b"
        },
        {
          "valor": 7,
          "palo": "espadas",
          "id": "7e"
        },
        {
          "valor": 7,
          "palo": "copas",
          "id": "7c"
        },
        {
          "valor": 7,
          "palo": "oros",
          "id": "7o"
        },
        {
          "valor": 8,
          "palo": "espadas",
          "id": "8e"
        },
        {
          "valor": 8,
          "palo": "copas",
          "id": "8c"
        },
        {
          "valor": 8,
          "palo": "oros",
          "id": "8o"
        },
        {
          "valor": 9,
          "palo": "bastos",
          "id": "9b"
        },
        {
          "valor": 9,
          "palo": "espadas",
          "id": "9e"
        },
        {
          "valor": 9,
          "palo": "copas",
          "id": "9c"
        },
        {
          "valor": 9,
          "palo": "oros",
          "id": "9o"
        },
        {
          "valor": 10,
          "palo": "bastos",
          "id": "10b"
        },
        {
          "valor": 10,
          "palo": "espadas",
          "id": "10e"
        },
        {
          "valor": 10,
          "palo": "copas",
          "id": "10c"
        },
        {
          "valor": 10,
          "palo": "oros",
          "id": "10o"
        },
        {
          "valor": 11,
          "palo": "bastos",
          "id": "11b"
        },
        {
          "valor": 11,
          "palo": "espadas",
          "id": "11e"
        },
        {
          "valor": 11,
          "palo": "copas",
          "id": "11c"
        },
        {
          "valor": 11,
          "palo": "oros",
          "id": "11o"
        },
        {
          "valor": 12,
          "palo": "bastos",
          "id": "12b"
        },
        {
          "valor": 12,
          "palo": "oros",
          "id": "12o"
        }
      ],
      "turnoJugador": null
    }
  ]
}